{
  "wer": 0.9367666232073012,
  "cer": 0.38158453052070074,
  "macro_cer": 0.3709202259400341,
  "total_samples": 1534,
  "valid_samples": 1534,
  "char_stats": {
    "total_chars": 49491,
    "total_errors": 18885,
    "accuracy": 0.6184154694792993
  },
  "dialect_accuracy": 0.9947848761408083,
  "dialect_total": 1534,
  "dialect_correct": 1526,
  "dialect_confusion": [
    [
      763,
      0,
      0,
      0,
      0,
      0,
      0
    ],
    [
      0,
      96,
      0,
      0,
      0,
      3,
      0
    ],
    [
      0,
      0,
      130,
      0,
      0,
      0,
      0
    ],
    [
      0,
      0,
      0,
      145,
      0,
      0,
      0
    ],
    [
      0,
      1,
      0,
      0,
      196,
      2,
      0
    ],
    [
      0,
      1,
      0,
      0,
      0,
      105,
      0
    ],
    [
      0,
      0,
      0,
      0,
      1,
      0,
      91
    ]
  ],
  "per_dialect_cer": {
    "wuhan": 0.2746792021344175,
    "nanchang": 0.4768993839835729,
    "shanghai": 0.4447045055588063,
    "sichuan": 0.45226314824995417,
    "tianjin": 0.3387336136532278,
    "changsha": 0.3596248134726071,
    "zhengzhou": 0.2495369145276528
  }
}