{
  "cer": 0.48820950110125483,
  "macro_cer": 0.47392045646913855,
  "total_samples": 1534,
  "valid_samples": 1532,
  "char_stats": {
    "total_chars": 49489,
    "total_errors": 24161,
    "accuracy": 0.5117904988987452
  },
  "dialect_accuracy": 0.9485006518904824,
  "dialect_total": 1534,
  "dialect_correct": 1455,
  "dialect_confusion": [
    [
      749,
      1,
      0,
      0,
      1,
      11,
      1
    ],
    [
      3,
      88,
      0,
      3,
      0,
      3,
      2
    ],
    [
      0,
      0,
      126,
      1,
      1,
      2,
      0
    ],
    [
      0,
      2,
      4,
      132,
      1,
      6,
      0
    ],
    [
      0,
      9,
      0,
      0,
      186,
      3,
      1
    ],
    [
      0,
      16,
      0,
      2,
      0,
      88,
      0
    ],
    [
      1,
      3,
      0,
      0,
      2,
      0,
      86
    ]
  ],
  "per_dialect_cer": {
    "wuhan": 0.35294117647058826,
    "nanchang": 0.5834617360041089,
    "shanghai": 0.6099083284571875,
    "sichuan": 0.5424225765072385,
    "tianjin": 0.4314865199109572,
    "changsha": 0.47729695160946495,
    "zhengzhou": 0.31992590632442447
  }
}