{
  "wer": 0.9615133724722765,
  "cer": 0.45599110931501313,
  "macro_cer": 0.4423848081239296,
  "total_samples": 1534,
  "valid_samples": 1533,
  "char_stats": {
    "total_chars": 49490,
    "total_errors": 22567,
    "accuracy": 0.5440088906849869
  },
  "dialect_accuracy": 0.9869621903520208,
  "dialect_total": 1534,
  "dialect_correct": 1514,
  "dialect_confusion": [
    [
      763,
      0,
      0,
      0,
      0,
      0,
      0
    ],
    [
      0,
      96,
      0,
      0,
      0,
      3,
      0
    ],
    [
      0,
      0,
      130,
      0,
      0,
      0,
      0
    ],
    [
      0,
      0,
      0,
      145,
      0,
      0,
      0
    ],
    [
      0,
      0,
      0,
      1,
      192,
      2,
      4
    ],
    [
      0,
      6,
      0,
      0,
      2,
      97,
      1
    ],
    [
      1,
      0,
      0,
      0,
      0,
      0,
      91
    ]
  ],
  "per_dialect_cer": {
    "wuhan": 0.3238470334137975,
    "nanchang": 0.5540436456996148,
    "shanghai": 0.5539301735907939,
    "sichuan": 0.5234561114165293,
    "tianjin": 0.40712342320059364,
    "changsha": 0.4387124280537199,
    "zhengzhou": 0.29558084149245833
  }
}