{
  "cer": 0.36750858759345323,
  "macro_cer": 0.3576564039516647,
  "total_samples": 1534,
  "valid_samples": 1533,
  "char_stats": {
    "total_chars": 49490,
    "total_errors": 18188,
    "accuracy": 0.6324914124065468
  },
  "dialect_accuracy": 0.9967405475880052,
  "dialect_total": 1534,
  "dialect_correct": 1529,
  "dialect_confusion": [
    [
      763,
      0,
      0,
      0,
      0,
      0,
      0
    ],
    [
      0,
      97,
      0,
      0,
      0,
      2,
      0
    ],
    [
      0,
      0,
      130,
      0,
      0,
      0,
      0
    ],
    [
      0,
      0,
      0,
      145,
      0,
      0,
      0
    ],
    [
      0,
      0,
      0,
      0,
      198,
      0,
      1
    ],
    [
      0,
      0,
      0,
      0,
      1,
      105,
      0
    ],
    [
      0,
      0,
      0,
      0,
      1,
      0,
      91
    ]
  ],
  "per_dialect_cer": {
    "wuhan": 0.2694702070893152,
    "nanchang": 0.4675224646983312,
    "shanghai": 0.42393212404915154,
    "sichuan": 0.4357705699102071,
    "tianjin": 0.3247588424437299,
    "changsha": 0.3476870603282882,
    "zhengzhou": 0.23445355914263033
  }
}