{
  "test": {
    "greedy": {
      "cer": 0.36750858759345323,
      "macro_cer": 0.3576564039516647,
      "per_dialect": {
        "武汉话": 0.2694702070893152,
        "南昌话": 0.4675224646983312,
        "上海话": 0.42393212404915154,
        "四川话": 0.4357705699102071,
        "天津话": 0.3247588424437299,
        "长沙话": 0.3476870603282882,
        "郑州话": 0.23445355914263033
      }
    },
    "beam_no_lm": {
      "cer": 0.3606514315734174,
      "macro_cer": 0.35021133025356527,
      "per_dialect": {
        "武汉话": 0.2681997204929488,
        "南昌话": 0.46406570841889117,
        "上海话": 0.4171055197971523,
        "四川话": 0.43192230163093276,
        "天津话": 0.3117734355676478,
        "长沙话": 0.3374547004903006,
        "郑州话": 0.2209579253770839
      }
    },
    "beam_lm": {
      "cer": 0.34699939381693273,
      "macro_cer": 0.33658651656231353,
      "per_dialect": {
        "武汉话": 0.24253589124634736,
        "南昌话": 0.455198973042362,
        "上海话": 0.3940901111761264,
        "四川话": 0.4285321605277625,
        "天津话": 0.3081869898590156,
        "长沙话": 0.3150714133447026,
        "郑州话": 0.21249007673987827
      }
    }
  },
  "val": {
    "greedy": {
      "cer": 0.3753386729951548,
      "macro_cer": 0.3655774339290187,
      "per_dialect": {
        "武汉话": 0.2732698412698413,
        "南昌话": 0.47276785714285713,
        "上海话": 0.43412019185554407,
        "四川话": 0.4339145360917879,
        "天津话": 0.32171077386178354,
        "长沙话": 0.37232049947970863,
        "郑州话": 0.25093833780160857
      }
    },
    "beam_no_lm": {
      "cer": 0.36815979432413726,
      "macro_cer": 0.35750025222419407,
      "per_dialect": {
        "武汉话": 0.27276190476190476,
        "南昌话": 0.4625,
        "上海话": 0.42753691338286465,
        "四川话": 0.42993947059354953,
        "天津话": 0.308290480371253,
        "长沙话": 0.36233090530697193,
        "郑州话": 0.239142091152815
      }
    },
    "beam_lm": {
      "cer": 0.3558785721348759,
      "macro_cer": 0.34583183330234074,
      "per_dialect": {
        "武汉话": 0.25231746031746033,
        "南昌话": 0.46473214285714287,
        "上海话": 0.41230132606037806,
        "四川话": 0.4199114644502665,
        "天津话": 0.3001379656340148,
        "长沙话": 0.3438085327783559,
        "郑州话": 0.22761394101876675
      }
    }
  }
}